{
  "work_control_time": 0.516102,
  "work_control_job": 0.140411,
  "work_amount": 0.155425,
  "work_purpose": 0.85669,
  "work_learning": 0.043996,
  "work_colleagues": 0.266992,
  "work_manager": 0.129096,
  "work_informed": 0.118684,
  "work_recognition": 0.46943,
  "exercise_freq_ord": 0.440125,
  "UPF_freq_ord": 0.047322,
  "sleep_freq_ord": 0.842859
}