{
  "work_control_time": 4.664112,
  "work_control_job": 6.010926,
  "work_amount": 3.1625,
  "work_purpose": 8.783263,
  "work_learning": 5.840585,
  "work_colleagues": 7.782835,
  "work_manager": 0.374103,
  "work_informed": 5.243797,
  "work_recognition": 6.917775,
  "exercise_freq_ord": 7.318997,
  "UPF_freq_ord": 8.255058
}