{
  "work_control_time": 3.841424,
  "work_control_job": 6.00688,
  "work_amount": 2.88988,
  "work_purpose": 8.801686,
  "work_learning": 4.951818,
  "work_colleagues": 7.363756,
  "work_manager": 0.700035,
  "work_informed": 4.864865,
  "work_recognition": 6.799652,
  "exercise_freq_ord": 6.339284,
  "UPF_freq_ord": 8.690822,
  "sleep_freq_ord": 16.414461
}