{
  "work_control_time": 0.310456,
  "work_control_job": 1.855178,
  "work_amount": 3.715969,
  "work_purpose": 11.506304,
  "work_learning": 6.011512,
  "work_colleagues": 11.338415,
  "work_manager": 0.227717,
  "work_informed": 1.470828,
  "work_recognition": 7.350377,
  "exercise_freq_ord": 7.191932,
  "UPF_freq_ord": 4.831644,
  "sleep_freq_ord": 13.434434
}