{
  "work_control_time": 0.399866,
  "work_control_job": 0.2027,
  "work_amount": 0.260824,
  "work_purpose": 0.651664,
  "work_learning": 0.230596,
  "work_colleagues": 0.269043,
  "work_manager": 0.040217,
  "work_informed": 0.138844,
  "work_recognition": 0.466757,
  "exercise_freq_ord": 0.317761,
  "UPF_freq_ord": 0.0,
  "sleep_freq_ord": 0.610786
}