{
  "work_control_time": 0.468678,
  "work_control_job": 0.201561,
  "work_amount": 0.327049,
  "work_purpose": 0.731372,
  "work_learning": 0.272193,
  "work_colleagues": 0.254029,
  "work_manager": 0.021636,
  "work_informed": 0.190571,
  "work_recognition": 0.555327,
  "exercise_freq_ord": 0.41063,
  "UPF_freq_ord": 0.004643
}