{
  "work_control_time": 1.011796,
  "work_control_job": 1.951987,
  "work_amount": 5.428348,
  "work_purpose": 10.869676,
  "work_learning": 8.136309,
  "work_colleagues": 12.288382,
  "work_manager": 0.0,
  "work_informed": 2.093513,
  "work_recognition": 8.326082,
  "exercise_freq_ord": 8.700187,
  "UPF_freq_ord": 5.175325
}