{
  "work_control_time": 0.517549,
  "work_control_job": 2.103139,
  "work_amount": 1.63543,
  "work_purpose": 11.066161,
  "work_learning": 2.851924,
  "work_colleagues": 9.039676,
  "work_manager": 0.15555,
  "work_informed": 4.04476,
  "work_recognition": 6.326684,
  "exercise_freq_ord": 8.174689,
  "UPF_freq_ord": 10.049415,
  "sleep_freq_ord": 14.319724
}