{
  "work_control_time": 0.67812,
  "work_control_job": 2.305991,
  "work_amount": 2.514776,
  "work_purpose": 10.665453,
  "work_learning": 3.426522,
  "work_colleagues": 9.693743,
  "work_manager": 0.048699,
  "work_informed": 4.376512,
  "work_recognition": 7.424433,
  "exercise_freq_ord": 9.455697,
  "UPF_freq_ord": 10.729878
}