{
  "work_control_time": 0.135305,
  "work_control_job": 0.061966,
  "work_amount": 0.134225,
  "work_purpose": 0.853108,
  "work_learning": 0.027018,
  "work_colleagues": 0.298377,
  "work_manager": 0.057037,
  "work_informed": 0.24847,
  "work_recognition": 0.259772,
  "exercise_freq_ord": 0.626311,
  "UPF_freq_ord": 0.201324,
  "sleep_freq_ord": 0.637703
}