{
  "work_control_time": 0.16374,
  "work_control_job": 0.073187,
  "work_amount": 0.165414,
  "work_purpose": 0.891328,
  "work_learning": 0.037001,
  "work_colleagues": 0.351811,
  "work_manager": 0.051673,
  "work_informed": 0.240678,
  "work_recognition": 0.309936,
  "exercise_freq_ord": 0.679781,
  "UPF_freq_ord": 0.241831
}