{
  "work_control_time": 0.551952,
  "work_control_job": 0.175111,
  "work_amount": 0.250114,
  "work_purpose": 0.796553,
  "work_learning": 0.089304,
  "work_colleagues": 0.28817,
  "work_manager": 0.105463,
  "work_informed": 0.136283,
  "work_recognition": 0.581166,
  "exercise_freq_ord": 0.496263,
  "UPF_freq_ord": 0.075256
}