{
  "work_control_time": 1.87222,
  "work_control_job": 4.499651,
  "work_amount": 4.803994,
  "work_purpose": 12.692871,
  "work_learning": 4.784616,
  "work_colleagues": 9.727239,
  "work_manager": 0.059643,
  "work_informed": 2.024194,
  "work_recognition": 9.165092,
  "exercise_freq_ord": 8.624633,
  "UPF_freq_ord": 8.44791
}